{"stats":{"minecraft:custom":{"minecraft:jump":30,"minecraft:time_since_rest":8421,"minecraft:deaths":1,"minecraft:damage_taken":250,"minecraft:crouch_one_cm":42,"minecraft:leave_game":11,"minecraft:sprint_one_cm":2912,"minecraft:play_time":17048,"minecraft:time_since_death":8255,"minecraft:walk_on_water_one_cm":533,"minecraft:walk_one_cm":4994,"minecraft:sneak_time":4,"minecraft:total_world_time":17048,"minecraft:fly_one_cm":4622},"minecraft:killed_by":{"minecraft:zombie":1}},"DataVersion":3465}